<?xml version="1.0" encoding="UTF-8" standalone="yes"?>
<manifest>
  <control namespace="hamwi" constructor="ApprovalStatus" version="0.0.41" display-name-key="Approval Status" description-key="Get the status of your flow" control-type="standard" preview-image="img/approval_preview.png" api-version="1.2.1">
    <property name="AnyField" display-name-key="Any Field" description-key="Any Field" of-type="SingleLine.Text" usage="bound" required="true"/>
    <resources>
      <code path="bundle.js" order="1"/>
    </resources>
    <feature-usage>
      <uses-feature name="Utility" required="true"/>
      <uses-feature name="WebAPI" required="true"/>
    </feature-usage>
    <built-by name="pac" version="1.2.6"/>
  </control>
</manifest>